iteration,major_radius_m,toroidal_field_t,plasma_current_ma,net_electric_power_mw,coe_usd_mwh,objective,plasma_power_balance_residual,q95,q95_margin,beta_n,beta_n_margin,max_abs_equality_residual,min_inequality_margin
0,6.2,5.3,15.0,541.662964446192,318.26059402765424,2.6409429758303506,0.052740365203276726,2.773724795698925,-0.07542506810035832,4.242858329550236,-0.41428610985007863,0.6599550732212446,-104.80252923022101
1,4.15287093237581,6.833079236719344,7.0,-124.43186064697167,67981415.84224185,679814.2828542792,-0.5079900472841372,3.8399051157196316,0.27996837190654383,0.8790873317841857,0.7069708894052714,32.133619872613096,-3.1259800839502727
2,5.201675710757673,7.289050463934252,7.000000000092683,386.1115131606927,286.4121141062221,2.4780096279015282,-0.07542967156560684,6.9701900734572275,1.323396691152409,5.252122900133731,-0.7507076333779104,0.8723670100800116,-0.7507076333779104
3,5.54398938612732,8.75243747078499,10.657043395822054,513.3407416840148,294.51780733156306,2.431837331631616,-0.23666638937906145,4.685152056870089,0.5617173522900295,2.6213007403160526,0.12623308656131577,11.084045066616785,-0.047184689319205164
4,5.586519241042659,9.999999999997648,11.474853986810995,1003.1915269816399,190.4649612509653,0.9014580855280132,0.14312068427456984,4.84442182470875,0.6148072749029165,3.3962723141668216,-0.13209077138894054,2.1745844462749306,-0.13209077138894054
5,6.050311965264191,10.0,12.976016931116373,870.2927653735486,220.48603561293243,1.3345675907557757,-0.0495027961370804,7.18894322377367,1.3963144079245566,2.998156680738127,0.0006144397539576592,0.27520114614782626,-0.15182825286564774
6,6.987647035728804,10.0,16.91725658590671,1231.6535400635814,204.42956795016894,0.812642139438108,-0.006500041659543058,7.0187262184954005,1.3395754061651335,2.762853447297819,0.079048850900727,0.1233212294801581,-0.008147147518297298
7,7.2313410738742085,9.999999999998956,19.49532583833086,1675.8895245892334,177.51046283170513,0.09921510372781794,0.012820922518071256,6.41382804594288,1.13794268198096,2.907663067854848,0.030778977381717382,0.036899887949813484,-0.0002384966123624821
8,7.264350108076615,9.999999999999577,20.707770212828922,1898.8676160771995,161.58368031504656,-0.2830308129267338,-0.06361771088625347,6.448643655795142,1.1495478852650474,2.9628731184044557,0.012375627198514778,0.09272643412019534,-0.002711255551869485
9,7.053216191677405,10.0,22.7347654419355,1968.2420092423804,155.87242083160874,-0.409517800926293,-0.2597124140793876,7.239161421477065,1.4130538071590215,2.884590780229334,0.0384697399235554,0.4727916652118238,-4.184829030656976
10,7.099247213433831,10.0,22.236650213546064,2019.6894888967474,152.8249573490813,-0.49143991540593457,-0.11571414439466071,6.799845017631368,1.2666150058771226,2.946923257935119,0.017692247354960333,0.20244825737591554,-1.6948423700851059
11,7.161572467196081,10.0,21.595959775762466,2011.6726118459178,153.63404730429912,-0.4753321388029266,-0.026293241226999726,6.474428590372103,1.1581428634573676,2.9864536917329687,0.00451543608901043,0.04168273135017853,-0.21103597664374057
12,7.174596643648015,10.0,21.46575205939803,2005.4251936158737,154.09639618246078,-0.46446123179126597,-0.0005542198078219372,6.405785231420011,1.1352617438066703,2.9998068673855665,6.437753814451477e-05,0.0012042514166296316,-0.017174880605251436
13,7.176564210175962,10.0,21.4503865419631,2004.5220415636375,153.87528512794196,-0.4657691902842178,-1.9537733091965492e-06,6.431474449183159,1.1438248163943863,2.999999010238364,3.2992054540178134e-07,8.91000638875994e-06,-0.00014296929529963864
14,7.176977081807185,9.999999999993328,21.449528142917536,2004.5304421851022,153.73403761723637,-0.4671900660127386,2.5982904212469292e-06,6.4569098721240366,1.1523032907080122,3.0000000321471596,-1.0715719866993823e-08,2.5982904212469292e-06,-0.0019385288410321887
15,7.177150505964352,10.0,21.44920746306714,2004.5369770235518,153.73847146089446,-0.46715226241460717,4.809759589079477e-07,6.467807560431909,1.155935853477303,3.00000000496325,-1.654416603713571e-09,4.809759589079477e-07,-4.854346499638321e-06
16,7.178191062707027,9.999999999999925,21.44728342664603,2004.5854416716152,153.70835614375915,-0.46750188023402384,1.78365446809039e-05,6.533651493496885,1.1778838311656283,3.00000018819138,-6.273045993765436e-08,0.0018856152855578259,-0.0018820664323184605
17,7.1825831111215255,10.0,21.439161991730003,2004.8408708373613,153.636494722129,-0.4684759236160716,0.00048329673802800246,6.811084848765506,1.2703616162551685,3.000005357099719,-1.78569990631298e-06,0.003848113771605235,-0.0038333625563875856
18,7.186502003332381,9.999999999998229,21.431914789560665,2005.1756469721788,153.54558302416677,-0.469719816730511,0.0014981607609929597,7.053731026167693,1.351243675389231,3.000017360041783,-5.786680594403274e-06,0.008034632717820166,-0.007970591939030512
19,7.186548477542216,9.999999999996183,21.431827989815147,2005.1668968136219,153.54599353246985,-0.46970696148892355,0.0014204704737712747,7.053859091088047,1.3512863636960157,3.0000164487008396,-5.482900279870269e-06,0.008030839056428664,-0.007966858498005241
20,7.186588187300339,10.0,21.431753811118867,2005.1595163514453,153.54633602001633,-0.46969615615128224,0.0013540355983104747,7.0539684995401535,1.351322833180051,3.000015670347107,-5.223449035677655e-06,0.008027606780427566,-0.007963677508916925
21,7.186591529374303,9.999999999979325,21.431747567882937,2005.1588993225816,153.54636448961907,-0.4696952544263908,0.0013484422482729316,7.053977707552617,1.351325902517539,3.000015604926634,-5.201642211331384e-06,0.008027335283871073,-0.007963410318990458
22,7.186594890802867,9.999999999444935,21.43174129121043,2005.1582807722616,153.54639278888052,-0.4696943528834563,0.0013428153791837758,7.053986967505407,1.351328989168469,3.0000155389235292,-5.179641176411565e-06,0.008027067776962283,-0.007963147048484933
23,7.186622107317104,9.999999832939219,21.43169164343581,2005.155235350018,153.5461789808407,-0.4696934455416111,0.0012955313439397286,7.0540628806025465,1.351354293534182,3.0000146083502623,-4.8694500874487305e-06,0.008033730221893784,-0.007969701308246604
24,7.186603653308829,9.99999998581011,21.431725076056843,2005.156855371314,153.5464261514671,-0.46969259385664275,0.0013280128760393382,7.054011160018132,1.3513370533393774,3.000015329678375,-5.109892791714069e-06,0.00802716632143644,-0.007963245750987079
25,7.186031335171881,10.0,21.432772968520645,2005.097136151296,153.57389736276895,-0.46935816252360674,0.0011461416237425511,7.019297341920076,1.3397657806400254,3.0000135758076047,-4.5252692015829155e-06,0.005887365228660426,-0.005852777377107344
26,7.2201199502091296,9.999971514653762,21.369961461926017,2001.6690816204973,153.20848534901117,-0.4695842281303855,-0.05758816208996177,7.148676225824276,1.3828920752747584,2.99864317731615,0.00045227422794994843,0.05758816208996177,-0.017767972846880874
27,7.186601982272405,9.999999999134968,21.431728051419384,2005.156983138661,153.54645189121555,-0.46969246422650546,0.0013309461418084538,7.054006495779705,1.3513354985932349,3.000015402356571,-5.134118857016053e-06,0.00802650653739043,-0.007962594838855069
28,7.186686824070932,9.99999978996049,21.431573013796488,2005.1483345790602,153.54559480163468,-0.4696923865627134,0.0011830226287916049,7.054243711391642,1.3514145704638807,3.0000122695240052,-4.089841335079095e-06,0.008051042727472923,-0.007986764437484742
29,7.186592692606706,9.999941160137201,21.43186928666475,2005.1541207233765,153.5465854914118,-0.4696882658092587,0.001330829229059873,7.054030909067511,1.3513436363558369,3.0000153098699642,-5.10328998807689e-06,0.008026468492800302,-0.0079625572781199
30,7.189397972286118,9.99999999999584,21.409512100308383,2002.9716603657337,153.8409000197121,-0.4645626601686126,-6.578312718374946e-06,7.049194256595247,1.3497314188650824,2.999998331436961,5.561876796159974e-07,0.00021661966885675506,-0.00015267538145307012
31,7.189435080760943,10.0,21.40914624730673,2002.9399379046956,153.84630706638166,-0.4644768672408792,-3.1259587558452042e-09,7.049050413852195,1.349683471284065,2.9999999988988733,3.670422484465992e-10,9.220854887981696e-08,-5.9135774931331084e-08
32,7.189432902625736,10.0,21.409168742292493,2002.9421452996457,153.84626378546503,-0.46447950744499544,-4.5958131522638724e-11,7.049058015175422,1.349686005058474,2.999999999999519,1.603162047558726e-13,4.5958131522638724e-11,-4.3149659981304675e-12
33,7.189421941442555,10.0,21.409281941203595,2002.9532443674661,153.84603688677598,-0.4644928754997062,-2.793212843243964e-10,7.049096308905956,1.3496987696353187,2.999999999905322,3.1559347727731314e-11,3.784057298616972e-10,-3.877110956598444e-11
34,7.189367134894466,10.0,21.409847943213816,2003.0087365900301,153.8449026393343,-0.4645597101966872,-6.648171620327048e-09,7.0492877863038705,1.3497625954346235,2.999999997601756,7.994146085839777e-10,9.38173252507113e-09,-9.427401997938913e-10
35,7.189093085891354,9.999999999998089,21.412678151694394,2003.286121347189,153.8392375209676,-0.4648937461375129,-1.6586389392614365e-07,7.0502453873964575,1.3500817957988192,2.999999940014662,1.999511267669618e-08,2.3447088869943401e-07,-2.3543282995130367e-08
36,7.187722433317486,10.0,21.42683416394634,2004.671136398768,153.81106479077894,-0.46656048849097886,-4.1487847765893094e-06,7.05503876347471,1.3516795878249033,2.9999985009055825,4.996981391632478e-07,5.863197254257102e-06,-5.891545470524809e-07
37,7.187391966234662,10.0,21.43024981401136,2005.0082724929953,153.80405938710598,-0.46696767862193567,-2.392959922872251e-07,7.056180709470488,1.3520602364901626,2.9999999135499067,2.881669776873726e-08,3.379484032848268e-07,-3.3827645605808664e-08
38,7.187391941311286,9.999999999994312,21.430250177157475,2005.0084582165862,153.8040481472439,-0.46696797674414725,-1.6416379367001354e-13,7.056180173917851,1.352060057972617,2.999999999999239,2.537229685610024e-13,3.7995035616464153e-13,-5.194067398406332e-12
